fecha,region,estacion_smn,temp_media_c,temp_max_c,temp_min_c,demanda_mw,dia_semana,es_feriado,mes,estacion_anio
2024-01-01,AMBA,Buenos Aires (Observatorio Central),26.5,33.0,22.0,16264,lunes,1,1,verano
2024-01-02,AMBA,Buenos Aires (Observatorio Central),23.4,29.1,19.2,16152,martes,0,1,verano
2024-01-03,AMBA,Buenos Aires (Observatorio Central),27.6,34.0,22.7,18050,miércoles,0,1,verano
2024-01-04,AMBA,Buenos Aires (Observatorio Central),28.0,31.9,22.5,18028,jueves,0,1,verano
2024-01-05,AMBA,Buenos Aires (Observatorio Central),21.4,27.5,17.2,14757,viernes,0,1,verano
2024-01-06,AMBA,Buenos Aires (Observatorio Central),22.9,28.3,18.4,14320,sábado,0,1,verano
2024-01-07,AMBA,Buenos Aires (Observatorio Central),26.2,30.1,19.9,15883,domingo,0,1,verano
2024-01-08,AMBA,Buenos Aires (Observatorio Central),25.2,30.5,21.6,16776,lunes,0,1,verano
2024-01-09,AMBA,Buenos Aires (Observatorio Central),25.9,31.5,21.0,16955,martes,0,1,verano
2024-01-10,AMBA,Buenos Aires (Observatorio Central),24.0,27.5,18.4,16379,miércoles,0,1,verano
2024-01-11,AMBA,Buenos Aires (Observatorio Central),28.0,32.9,24.0,18533,jueves,0,1,verano
2024-01-12,AMBA,Buenos Aires (Observatorio Central),27.8,33.8,24.2,18177,viernes,0,1,verano
2024-01-13,AMBA,Buenos Aires (Observatorio Central),26.1,30.5,22.2,15983,sábado,0,1,verano
2024-01-14,AMBA,Buenos Aires (Observatorio Central),28.6,33.5,22.3,17163,domingo,0,1,verano
2024-01-15,AMBA,Buenos Aires (Observatorio Central),27.1,31.9,23.6,18427,lunes,0,1,verano
2024-01-16,AMBA,Buenos Aires (Observatorio Central),24.0,28.4,19.9,16583,martes,0,1,verano
2024-01-17,AMBA,Buenos Aires (Observatorio Central),26.8,33.1,23.2,18030,miércoles,0,1,verano
2024-01-18,AMBA,Buenos Aires (Observatorio Central),23.8,29.6,20.0,16813,jueves,0,1,verano
2024-01-19,AMBA,Buenos Aires (Observatorio Central),28.0,31.8,22.6,18674,viernes,0,1,verano
2024-01-20,AMBA,Buenos Aires (Observatorio Central),25.9,32.4,21.7,16431,sábado,0,1,verano
2024-01-21,AMBA,Buenos Aires (Observatorio Central),30.6,36.7,25.4,17836,domingo,0,1,verano
2024-01-22,AMBA,Buenos Aires (Observatorio Central),29.5,33.9,24.2,19176,lunes,0,1,verano
2024-01-23,AMBA,Buenos Aires (Observatorio Central),33.8,39.8,27.8,20894,martes,0,1,verano
2024-01-24,AMBA,Buenos Aires (Observatorio Central),30.7,34.5,27.2,19887,miércoles,0,1,verano
2024-01-25,AMBA,Buenos Aires (Observatorio Central),30.0,36.5,23.9,18650,jueves,0,1,verano
2024-01-26,AMBA,Buenos Aires (Observatorio Central),30.2,35.7,24.8,18991,viernes,0,1,verano
2024-01-27,AMBA,Buenos Aires (Observatorio Central),27.1,32.6,23.1,17245,sábado,0,1,verano
2024-01-28,AMBA,Buenos Aires (Observatorio Central),26.7,30.5,20.9,16170,domingo,0,1,verano
2024-01-29,AMBA,Buenos Aires (Observatorio Central),26.7,32.9,20.6,18199,lunes,0,1,verano
2024-01-30,AMBA,Buenos Aires (Observatorio Central),26.7,30.3,22.4,17461,martes,0,1,verano
2024-01-31,AMBA,Buenos Aires (Observatorio Central),30.6,34.8,24.3,19055,miércoles,0,1,verano
2024-02-01,AMBA,Buenos Aires (Observatorio Central),24.7,28.6,19.8,16572,jueves,0,2,verano
2024-02-02,AMBA,Buenos Aires (Observatorio Central),24.5,30.3,19.2,16630,viernes,0,2,verano
2024-02-03,AMBA,Buenos Aires (Observatorio Central),23.7,27.8,17.2,15308,sábado,0,2,verano
2024-02-04,AMBA,Buenos Aires (Observatorio Central),27.0,33.2,22.4,16421,domingo,0,2,verano
2024-02-05,AMBA,Buenos Aires (Observatorio Central),28.1,33.6,22.2,18097,lunes,0,2,verano
2024-02-06,AMBA,Buenos Aires (Observatorio Central),25.2,28.8,20.7,17040,martes,0,2,verano
2024-02-07,AMBA,Buenos Aires (Observatorio Central),23.5,27.0,17.6,15752,miércoles,0,2,verano
2024-02-08,AMBA,Buenos Aires (Observatorio Central),23.5,27.2,18.2,16356,jueves,0,2,verano
2024-02-09,AMBA,Buenos Aires (Observatorio Central),26.8,32.1,22.7,17623,viernes,0,2,verano
2024-02-10,AMBA,Buenos Aires (Observatorio Central),27.0,32.9,22.3,16338,sábado,0,2,verano
2024-02-11,AMBA,Buenos Aires (Observatorio Central),26.5,30.7,22.0,15634,domingo,0,2,verano
2024-02-12,AMBA,Buenos Aires (Observatorio Central),23.6,29.6,19.9,14834,lunes,1,2,verano
2024-02-13,AMBA,Buenos Aires (Observatorio Central),25.6,29.3,22.0,15591,martes,1,2,verano
2024-02-14,AMBA,Buenos Aires (Observatorio Central),25.3,31.2,20.8,17680,miércoles,0,2,verano
2024-02-15,AMBA,Buenos Aires (Observatorio Central),25.5,31.8,21.9,16984,jueves,0,2,verano
2024-02-16,AMBA,Buenos Aires (Observatorio Central),26.9,32.7,22.9,17566,viernes,0,2,verano
2024-02-17,AMBA,Buenos Aires (Observatorio Central),25.3,30.9,19.6,15039,sábado,0,2,verano
2024-02-18,AMBA,Buenos Aires (Observatorio Central),32.2,38.2,26.6,18006,domingo,0,2,verano
2024-02-19,AMBA,Buenos Aires (Observatorio Central),30.7,34.3,25.0,19483,lunes,0,2,verano
2024-02-20,AMBA,Buenos Aires (Observatorio Central),31.1,35.2,26.6,19523,martes,0,2,verano
2024-02-21,AMBA,Buenos Aires (Observatorio Central),31.9,35.8,25.7,20835,miércoles,0,2,verano
2024-02-22,AMBA,Buenos Aires (Observatorio Central),27.0,32.0,21.7,17647,jueves,0,2,verano
2024-02-23,AMBA,Buenos Aires (Observatorio Central),29.5,35.2,25.6,19498,viernes,0,2,verano
2024-02-24,AMBA,Buenos Aires (Observatorio Central),23.2,28.6,19.3,15108,sábado,0,2,verano
2024-02-25,AMBA,Buenos Aires (Observatorio Central),22.7,28.8,17.1,14275,domingo,0,2,verano
2024-02-26,AMBA,Buenos Aires (Observatorio Central),23.5,27.5,19.5,16130,lunes,0,2,verano
2024-02-27,AMBA,Buenos Aires (Observatorio Central),27.5,33.2,22.5,17957,martes,0,2,verano
2024-02-28,AMBA,Buenos Aires (Observatorio Central),22.0,26.1,15.5,16293,miércoles,0,2,verano
2024-02-29,AMBA,Buenos Aires (Observatorio Central),26.1,30.4,22.6,16322,jueves,0,2,verano
2024-03-01,AMBA,Buenos Aires (Observatorio Central),19.9,25.5,16.4,13964,viernes,0,3,otoño
2024-03-02,AMBA,Buenos Aires (Observatorio Central),22.9,29.3,16.4,14740,sábado,0,3,otoño
2024-03-03,AMBA,Buenos Aires (Observatorio Central),24.0,29.3,18.7,14744,domingo,0,3,otoño
2024-03-04,AMBA,Buenos Aires (Observatorio Central),24.8,28.5,20.9,17007,lunes,0,3,otoño
2024-03-05,AMBA,Buenos Aires (Observatorio Central),25.0,30.3,18.8,17003,martes,0,3,otoño
2024-03-06,AMBA,Buenos Aires (Observatorio Central),25.1,28.7,19.0,16687,miércoles,0,3,otoño
2024-03-07,AMBA,Buenos Aires (Observatorio Central),22.4,28.6,17.3,16154,jueves,0,3,otoño
2024-03-08,AMBA,Buenos Aires (Observatorio Central),22.0,27.6,16.6,16004,viernes,0,3,otoño
2024-03-09,AMBA,Buenos Aires (Observatorio Central),25.0,29.0,20.7,15873,sábado,0,3,otoño
2024-03-10,AMBA,Buenos Aires (Observatorio Central),22.5,26.3,18.8,14593,domingo,0,3,otoño
2024-03-11,AMBA,Buenos Aires (Observatorio Central),19.9,24.0,14.6,14919,lunes,0,3,otoño
2024-03-12,AMBA,Buenos Aires (Observatorio Central),20.1,26.5,15.7,14638,martes,0,3,otoño
2024-03-13,AMBA,Buenos Aires (Observatorio Central),20.5,25.4,15.0,15308,miércoles,0,3,otoño
2024-03-14,AMBA,Buenos Aires (Observatorio Central),23.6,29.5,17.6,16255,jueves,0,3,otoño
2024-03-15,AMBA,Buenos Aires (Observatorio Central),22.7,28.1,19.1,15845,viernes,0,3,otoño
2024-03-16,AMBA,Buenos Aires (Observatorio Central),23.8,29.0,18.5,15933,sábado,0,3,otoño
2024-03-17,AMBA,Buenos Aires (Observatorio Central),21.2,25.1,17.0,12713,domingo,0,3,otoño
2024-03-18,AMBA,Buenos Aires (Observatorio Central),22.4,28.7,16.3,15131,lunes,0,3,otoño
2024-03-19,AMBA,Buenos Aires (Observatorio Central),23.3,27.7,19.0,15587,martes,0,3,otoño
2024-03-20,AMBA,Buenos Aires (Observatorio Central),21.1,26.3,15.8,15080,miércoles,0,3,otoño
2024-03-21,AMBA,Buenos Aires (Observatorio Central),22.7,28.3,17.5,15737,jueves,0,3,otoño
2024-03-22,AMBA,Buenos Aires (Observatorio Central),20.0,25.4,15.3,14206,viernes,0,3,otoño
2024-03-23,AMBA,Buenos Aires (Observatorio Central),20.6,26.9,15.1,13734,sábado,0,3,otoño
2024-03-24,AMBA,Buenos Aires (Observatorio Central),20.4,24.3,14.7,12042,domingo,1,3,otoño
2024-03-25,AMBA,Buenos Aires (Observatorio Central),18.5,23.5,13.3,15532,lunes,0,3,otoño
2024-03-26,AMBA,Buenos Aires (Observatorio Central),22.2,26.9,16.4,16405,martes,0,3,otoño
2024-03-27,AMBA,Buenos Aires (Observatorio Central),19.9,24.8,13.4,14631,miércoles,0,3,otoño
2024-03-28,AMBA,Buenos Aires (Observatorio Central),20.9,24.8,16.1,13794,jueves,1,3,otoño
2024-03-29,AMBA,Buenos Aires (Observatorio Central),21.8,25.7,16.8,13772,viernes,1,3,otoño
2024-03-30,AMBA,Buenos Aires (Observatorio Central),21.6,25.9,18.1,13692,sábado,0,3,otoño
2024-03-31,AMBA,Buenos Aires (Observatorio Central),22.0,26.4,16.1,13965,domingo,0,3,otoño
2024-04-01,AMBA,Buenos Aires (Observatorio Central),20.1,24.9,15.0,13265,lunes,1,4,otoño
2024-04-02,AMBA,Buenos Aires (Observatorio Central),19.2,24.5,14.5,13365,martes,1,4,otoño
2024-04-03,AMBA,Buenos Aires (Observatorio Central),19.9,25.3,16.1,14132,miércoles,0,4,otoño
2024-04-04,AMBA,Buenos Aires (Observatorio Central),16.1,20.8,9.9,14180,jueves,0,4,otoño
2024-04-05,AMBA,Buenos Aires (Observatorio Central),16.5,21.2,11.8,14562,viernes,0,4,otoño
2024-04-06,AMBA,Buenos Aires (Observatorio Central),16.7,20.9,11.2,13784,sábado,0,4,otoño
2024-04-07,AMBA,Buenos Aires (Observatorio Central),17.3,22.6,13.4,13225,domingo,0,4,otoño
2024-04-08,AMBA,Buenos Aires (Observatorio Central),20.4,24.9,14.0,14425,lunes,0,4,otoño
2024-04-09,AMBA,Buenos Aires (Observatorio Central),17.3,20.9,13.3,14859,martes,0,4,otoño
2024-04-10,AMBA,Buenos Aires (Observatorio Central),18.3,23.1,14.2,14164,miércoles,0,4,otoño
2024-04-11,AMBA,Buenos Aires (Observatorio Central),22.1,27.0,16.0,15875,jueves,0,4,otoño
2024-04-12,AMBA,Buenos Aires (Observatorio Central),18.1,22.3,11.9,14496,viernes,0,4,otoño
2024-04-13,AMBA,Buenos Aires (Observatorio Central),20.5,25.7,16.4,13536,sábado,0,4,otoño
2024-04-14,AMBA,Buenos Aires (Observatorio Central),16.5,21.7,11.6,12917,domingo,0,4,otoño
2024-04-15,AMBA,Buenos Aires (Observatorio Central),18.1,23.7,12.4,14653,lunes,0,4,otoño
2024-04-16,AMBA,Buenos Aires (Observatorio Central),16.3,21.7,10.2,14757,martes,0,4,otoño
2024-04-17,AMBA,Buenos Aires (Observatorio Central),17.5,23.0,12.9,14441,miércoles,0,4,otoño
2024-04-18,AMBA,Buenos Aires (Observatorio Central),20.1,24.5,15.0,15517,jueves,0,4,otoño
2024-04-19,AMBA,Buenos Aires (Observatorio Central),14.1,20.0,8.4,15360,viernes,0,4,otoño
2024-04-20,AMBA,Buenos Aires (Observatorio Central),18.9,24.0,13.2,13522,sábado,0,4,otoño
2024-04-21,AMBA,Buenos Aires (Observatorio Central),18.3,23.1,12.5,13365,domingo,0,4,otoño
2024-04-22,AMBA,Buenos Aires (Observatorio Central),16.3,21.7,11.1,15312,lunes,0,4,otoño
2024-04-23,AMBA,Buenos Aires (Observatorio Central),14.2,18.8,10.4,15737,martes,0,4,otoño
2024-04-24,AMBA,Buenos Aires (Observatorio Central),17.6,22.6,11.4,13984,miércoles,0,4,otoño
2024-04-25,AMBA,Buenos Aires (Observatorio Central),16.1,21.8,10.0,14111,jueves,0,4,otoño
2024-04-26,AMBA,Buenos Aires (Observatorio Central),17.7,23.9,11.8,15124,viernes,0,4,otoño
2024-04-27,AMBA,Buenos Aires (Observatorio Central),17.1,23.4,13.3,13186,sábado,0,4,otoño
2024-04-28,AMBA,Buenos Aires (Observatorio Central),20.6,25.6,16.5,12990,domingo,0,4,otoño
2024-04-29,AMBA,Buenos Aires (Observatorio Central),16.2,21.3,10.5,14296,lunes,0,4,otoño
2024-04-30,AMBA,Buenos Aires (Observatorio Central),14.3,20.2,10.7,15067,martes,0,4,otoño
2024-05-01,AMBA,Buenos Aires (Observatorio Central),16.9,21.3,10.5,13297,miércoles,1,5,otoño
2024-05-02,AMBA,Buenos Aires (Observatorio Central),16.9,22.9,12.3,14227,jueves,0,5,otoño
2024-05-03,AMBA,Buenos Aires (Observatorio Central),19.4,24.4,13.7,14350,viernes,0,5,otoño
2024-05-04,AMBA,Buenos Aires (Observatorio Central),18.1,21.9,11.9,13331,sábado,0,5,otoño
2024-05-05,AMBA,Buenos Aires (Observatorio Central),16.9,20.6,12.2,12681,domingo,0,5,otoño
2024-05-06,AMBA,Buenos Aires (Observatorio Central),19.3,25.3,14.8,15558,lunes,0,5,otoño
2024-05-07,AMBA,Buenos Aires (Observatorio Central),13.1,16.8,7.8,15292,martes,0,5,otoño
2024-05-08,AMBA,Buenos Aires (Observatorio Central),14.2,18.5,9.0,15286,miércoles,0,5,otoño
2024-05-09,AMBA,Buenos Aires (Observatorio Central),13.4,17.9,8.7,14893,jueves,0,5,otoño
2024-05-10,AMBA,Buenos Aires (Observatorio Central),14.5,18.5,9.2,14767,viernes,0,5,otoño
2024-05-11,AMBA,Buenos Aires (Observatorio Central),12.2,16.6,5.9,14152,sábado,0,5,otoño
2024-05-12,AMBA,Buenos Aires (Observatorio Central),16.7,22.4,11.8,11936,domingo,0,5,otoño
2024-05-13,AMBA,Buenos Aires (Observatorio Central),14.6,18.1,10.5,14243,lunes,0,5,otoño
2024-05-14,AMBA,Buenos Aires (Observatorio Central),11.6,17.6,7.0,14752,martes,0,5,otoño
2024-05-15,AMBA,Buenos Aires (Observatorio Central),12.5,18.6,7.8,14360,miércoles,0,5,otoño
2024-05-16,AMBA,Buenos Aires (Observatorio Central),15.5,20.1,11.6,14113,jueves,0,5,otoño
2024-05-17,AMBA,Buenos Aires (Observatorio Central),16.6,20.6,12.6,15056,viernes,0,5,otoño
2024-05-18,AMBA,Buenos Aires (Observatorio Central),19.1,24.4,13.5,13642,sábado,0,5,otoño
2024-05-19,AMBA,Buenos Aires (Observatorio Central),21.1,25.0,16.6,14251,domingo,0,5,otoño
2024-05-20,AMBA,Buenos Aires (Observatorio Central),15.3,19.9,8.9,14834,lunes,0,5,otoño
2024-05-21,AMBA,Buenos Aires (Observatorio Central),11.9,18.3,7.7,15772,martes,0,5,otoño
2024-05-22,AMBA,Buenos Aires (Observatorio Central),9.2,15.7,5.4,15686,miércoles,0,5,otoño
2024-05-23,AMBA,Buenos Aires (Observatorio Central),14.6,20.4,8.8,15042,jueves,0,5,otoño
2024-05-24,AMBA,Buenos Aires (Observatorio Central),12.0,16.4,5.9,15726,viernes,0,5,otoño
2024-05-25,AMBA,Buenos Aires (Observatorio Central),12.8,18.4,8.5,12934,sábado,1,5,otoño
2024-05-26,AMBA,Buenos Aires (Observatorio Central),12.3,17.9,8.2,14051,domingo,0,5,otoño
2024-05-27,AMBA,Buenos Aires (Observatorio Central),13.3,18.0,9.2,15359,lunes,0,5,otoño
2024-05-28,AMBA,Buenos Aires (Observatorio Central),16.0,21.4,10.9,14269,martes,0,5,otoño
2024-05-29,AMBA,Buenos Aires (Observatorio Central),13.8,17.3,8.9,14534,miércoles,0,5,otoño
2024-05-30,AMBA,Buenos Aires (Observatorio Central),12.9,17.0,8.6,14716,jueves,0,5,otoño
2024-05-31,AMBA,Buenos Aires (Observatorio Central),10.8,15.9,7.2,15732,viernes,0,5,otoño
2024-06-01,AMBA,Buenos Aires (Observatorio Central),9.3,13.3,4.4,15216,sábado,0,6,invierno
2024-06-02,AMBA,Buenos Aires (Observatorio Central),11.9,15.9,5.5,13566,domingo,0,6,invierno
2024-06-03,AMBA,Buenos Aires (Observatorio Central),12.8,18.8,7.3,15247,lunes,0,6,invierno
2024-06-04,AMBA,Buenos Aires (Observatorio Central),16.9,23.4,11.9,14740,martes,0,6,invierno
2024-06-05,AMBA,Buenos Aires (Observatorio Central),13.1,18.3,9.3,15427,miércoles,0,6,invierno
2024-06-06,AMBA,Buenos Aires (Observatorio Central),15.0,21.0,10.7,15382,jueves,0,6,invierno
2024-06-07,AMBA,Buenos Aires (Observatorio Central),11.5,18.0,7.1,16071,viernes,0,6,invierno
2024-06-08,AMBA,Buenos Aires (Observatorio Central),9.8,13.7,4.0,14550,sábado,0,6,invierno
2024-06-09,AMBA,Buenos Aires (Observatorio Central),10.2,15.0,4.1,14958,domingo,0,6,invierno
2024-06-10,AMBA,Buenos Aires (Observatorio Central),10.7,15.4,4.5,15496,lunes,0,6,invierno
2024-06-11,AMBA,Buenos Aires (Observatorio Central),17.2,20.9,10.7,14939,martes,0,6,invierno
2024-06-12,AMBA,Buenos Aires (Observatorio Central),10.4,16.2,4.0,15817,miércoles,0,6,invierno
2024-06-13,AMBA,Buenos Aires (Observatorio Central),14.1,18.9,7.7,14764,jueves,0,6,invierno
2024-06-14,AMBA,Buenos Aires (Observatorio Central),10.0,14.9,6.3,15121,viernes,0,6,invierno
2024-06-15,AMBA,Buenos Aires (Observatorio Central),14.2,18.2,10.3,13947,sábado,0,6,invierno
2024-06-16,AMBA,Buenos Aires (Observatorio Central),12.9,16.9,8.5,13037,domingo,0,6,invierno
2024-06-17,AMBA,Buenos Aires (Observatorio Central),11.6,17.8,6.4,14677,lunes,1,6,invierno
2024-06-18,AMBA,Buenos Aires (Observatorio Central),11.8,15.4,8.0,16103,martes,0,6,invierno
2024-06-19,AMBA,Buenos Aires (Observatorio Central),5.3,9.5,-0.7,16626,miércoles,0,6,invierno
2024-06-20,AMBA,Buenos Aires (Observatorio Central),7.8,12.2,2.4,15202,jueves,1,6,invierno
2024-06-21,AMBA,Buenos Aires (Observatorio Central),5.7,10.7,0.6,15215,viernes,1,6,invierno
2024-06-22,AMBA,Buenos Aires (Observatorio Central),3.8,9.1,-0.2,16004,sábado,0,6,invierno
2024-06-23,AMBA,Buenos Aires (Observatorio Central),8.6,13.6,4.3,14907,domingo,0,6,invierno
2024-06-24,AMBA,Buenos Aires (Observatorio Central),11.9,15.7,7.9,15427,lunes,0,6,invierno
2024-06-25,AMBA,Buenos Aires (Observatorio Central),15.1,19.3,9.0,15438,martes,0,6,invierno
2024-06-26,AMBA,Buenos Aires (Observatorio Central),11.8,17.8,6.5,15263,miércoles,0,6,invierno
2024-06-27,AMBA,Buenos Aires (Observatorio Central),11.1,16.5,5.4,16047,jueves,0,6,invierno
2024-06-28,AMBA,Buenos Aires (Observatorio Central),12.0,17.4,7.6,15461,viernes,0,6,invierno
2024-06-29,AMBA,Buenos Aires (Observatorio Central),14.3,19.8,9.7,14332,sábado,0,6,invierno
2024-06-30,AMBA,Buenos Aires (Observatorio Central),11.8,17.6,7.1,13732,domingo,0,6,invierno
2024-07-01,AMBA,Buenos Aires (Observatorio Central),10.3,14.0,4.5,15790,lunes,0,7,invierno
2024-07-02,AMBA,Buenos Aires (Observatorio Central),13.8,18.4,8.0,14957,martes,0,7,invierno
2024-07-03,AMBA,Buenos Aires (Observatorio Central),12.2,17.3,8.1,15023,miércoles,0,7,invierno
2024-07-04,AMBA,Buenos Aires (Observatorio Central),14.7,19.2,8.4,15077,jueves,0,7,invierno
2024-07-05,AMBA,Buenos Aires (Observatorio Central),11.6,17.6,7.7,15785,viernes,0,7,invierno
2024-07-06,AMBA,Buenos Aires (Observatorio Central),8.3,13.2,2.1,15544,sábado,0,7,invierno
2024-07-07,AMBA,Buenos Aires (Observatorio Central),7.9,13.7,4.1,15372,domingo,0,7,invierno
2024-07-08,AMBA,Buenos Aires (Observatorio Central),14.9,21.0,10.6,15362,lunes,0,7,invierno
2024-07-09,AMBA,Buenos Aires (Observatorio Central),15.0,20.0,9.0,13394,martes,1,7,invierno
2024-07-10,AMBA,Buenos Aires (Observatorio Central),10.6,16.8,6.6,15899,miércoles,0,7,invierno
2024-07-11,AMBA,Buenos Aires (Observatorio Central),10.1,15.4,5.4,15595,jueves,0,7,invierno
2024-07-12,AMBA,Buenos Aires (Observatorio Central),14.4,20.5,9.6,14878,viernes,0,7,invierno
2024-07-13,AMBA,Buenos Aires (Observatorio Central),8.5,13.0,4.3,15000,sábado,0,7,invierno
2024-07-14,AMBA,Buenos Aires (Observatorio Central),8.9,13.9,3.3,15200,domingo,0,7,invierno
2024-07-15,AMBA,Buenos Aires (Observatorio Central),12.5,17.6,6.4,15458,lunes,0,7,invierno
2024-07-16,AMBA,Buenos Aires (Observatorio Central),10.1,13.9,4.0,15765,martes,0,7,invierno
2024-07-17,AMBA,Buenos Aires (Observatorio Central),11.0,15.7,6.5,16151,miércoles,0,7,invierno
2024-07-18,AMBA,Buenos Aires (Observatorio Central),10.6,16.9,5.5,14830,jueves,0,7,invierno
2024-07-19,AMBA,Buenos Aires (Observatorio Central),7.0,12.4,2.8,15724,viernes,0,7,invierno
2024-07-20,AMBA,Buenos Aires (Observatorio Central),9.5,13.5,5.3,15370,sábado,0,7,invierno
2024-07-21,AMBA,Buenos Aires (Observatorio Central),6.5,11.0,2.5,15042,domingo,0,7,invierno
2024-07-22,AMBA,Buenos Aires (Observatorio Central),7.8,11.9,1.5,16491,lunes,0,7,invierno
2024-07-23,AMBA,Buenos Aires (Observatorio Central),6.3,9.9,0.1,16174,martes,0,7,invierno
2024-07-24,AMBA,Buenos Aires (Observatorio Central),11.0,17.3,5.2,15640,miércoles,0,7,invierno
2024-07-25,AMBA,Buenos Aires (Observatorio Central),9.1,13.9,4.0,16928,jueves,0,7,invierno
2024-07-26,AMBA,Buenos Aires (Observatorio Central),8.3,12.7,3.3,16617,viernes,0,7,invierno
2024-07-27,AMBA,Buenos Aires (Observatorio Central),9.1,14.4,4.0,15193,sábado,0,7,invierno
2024-07-28,AMBA,Buenos Aires (Observatorio Central),10.4,13.9,5.3,14025,domingo,0,7,invierno
2024-07-29,AMBA,Buenos Aires (Observatorio Central),13.3,17.6,8.5,14955,lunes,0,7,invierno
2024-07-30,AMBA,Buenos Aires (Observatorio Central),8.2,13.8,4.3,15400,martes,0,7,invierno
2024-07-31,AMBA,Buenos Aires (Observatorio Central),11.3,16.7,7.4,15689,miércoles,0,7,invierno
2024-08-01,AMBA,Buenos Aires (Observatorio Central),10.2,16.6,3.8,16189,jueves,0,8,invierno
2024-08-02,AMBA,Buenos Aires (Observatorio Central),10.6,16.0,5.7,15080,viernes,0,8,invierno
2024-08-03,AMBA,Buenos Aires (Observatorio Central),13.7,18.6,7.3,13849,sábado,0,8,invierno
2024-08-04,AMBA,Buenos Aires (Observatorio Central),12.6,18.4,8.6,13268,domingo,0,8,invierno
2024-08-05,AMBA,Buenos Aires (Observatorio Central),14.5,20.7,9.3,14440,lunes,0,8,invierno
2024-08-06,AMBA,Buenos Aires (Observatorio Central),11.1,16.8,7.0,15649,martes,0,8,invierno
2024-08-07,AMBA,Buenos Aires (Observatorio Central),9.9,16.3,5.6,15028,miércoles,0,8,invierno
2024-08-08,AMBA,Buenos Aires (Observatorio Central),11.1,16.9,7.5,15885,jueves,0,8,invierno
2024-08-09,AMBA,Buenos Aires (Observatorio Central),12.2,18.3,8.3,15691,viernes,0,8,invierno
2024-08-10,AMBA,Buenos Aires (Observatorio Central),12.1,15.9,5.8,14368,sábado,0,8,invierno
2024-08-11,AMBA,Buenos Aires (Observatorio Central),9.2,14.9,4.7,13416,domingo,0,8,invierno
2024-08-12,AMBA,Buenos Aires (Observatorio Central),12.0,16.8,6.7,15002,lunes,0,8,invierno
2024-08-13,AMBA,Buenos Aires (Observatorio Central),12.4,17.6,7.5,15846,martes,0,8,invierno
2024-08-14,AMBA,Buenos Aires (Observatorio Central),17.7,23.2,13.0,13333,miércoles,0,8,invierno
2024-08-15,AMBA,Buenos Aires (Observatorio Central),16.3,22.7,11.2,14354,jueves,0,8,invierno
2024-08-16,AMBA,Buenos Aires (Observatorio Central),10.1,16.6,6.0,15361,viernes,0,8,invierno
2024-08-17,AMBA,Buenos Aires (Observatorio Central),11.4,15.8,4.9,13792,sábado,1,8,invierno
2024-08-18,AMBA,Buenos Aires (Observatorio Central),8.8,14.5,2.8,14257,domingo,0,8,invierno
2024-08-19,AMBA,Buenos Aires (Observatorio Central),10.9,16.6,5.2,15843,lunes,0,8,invierno
2024-08-20,AMBA,Buenos Aires (Observatorio Central),13.0,17.5,8.1,15427,martes,0,8,invierno
2024-08-21,AMBA,Buenos Aires (Observatorio Central),15.2,19.1,11.2,15455,miércoles,0,8,invierno
2024-08-22,AMBA,Buenos Aires (Observatorio Central),10.8,14.4,4.5,15611,jueves,0,8,invierno
2024-08-23,AMBA,Buenos Aires (Observatorio Central),11.0,16.8,6.5,15808,viernes,0,8,invierno
2024-08-24,AMBA,Buenos Aires (Observatorio Central),7.7,12.7,4.0,14801,sábado,0,8,invierno
2024-08-25,AMBA,Buenos Aires (Observatorio Central),12.3,18.8,7.8,14316,domingo,0,8,invierno
2024-08-26,AMBA,Buenos Aires (Observatorio Central),10.3,15.2,4.4,15492,lunes,0,8,invierno
2024-08-27,AMBA,Buenos Aires (Observatorio Central),11.6,18.0,6.2,15276,martes,0,8,invierno
2024-08-28,AMBA,Buenos Aires (Observatorio Central),10.9,15.6,5.1,15664,miércoles,0,8,invierno
2024-08-29,AMBA,Buenos Aires (Observatorio Central),12.8,18.7,6.9,14580,jueves,0,8,invierno
2024-08-30,AMBA,Buenos Aires (Observatorio Central),9.1,12.9,5.0,16183,viernes,0,8,invierno
2024-08-31,AMBA,Buenos Aires (Observatorio Central),9.8,15.0,3.5,15377,sábado,0,8,invierno
2024-09-01,AMBA,Buenos Aires (Observatorio Central),18.2,24.1,13.4,13173,domingo,0,9,primavera
2024-09-02,AMBA,Buenos Aires (Observatorio Central),10.4,16.7,5.0,15121,lunes,0,9,primavera
2024-09-03,AMBA,Buenos Aires (Observatorio Central),11.0,17.0,7.5,15598,martes,0,9,primavera
2024-09-04,AMBA,Buenos Aires (Observatorio Central),17.8,21.4,11.3,14812,miércoles,0,9,primavera
2024-09-05,AMBA,Buenos Aires (Observatorio Central),20.4,25.0,16.1,14191,jueves,0,9,primavera
2024-09-06,AMBA,Buenos Aires (Observatorio Central),11.1,14.7,7.4,15176,viernes,0,9,primavera
2024-09-07,AMBA,Buenos Aires (Observatorio Central),13.0,16.8,8.1,14647,sábado,0,9,primavera
2024-09-08,AMBA,Buenos Aires (Observatorio Central),14.8,20.3,10.9,13412,domingo,0,9,primavera
2024-09-09,AMBA,Buenos Aires (Observatorio Central),18.1,23.7,14.1,14673,lunes,0,9,primavera
2024-09-10,AMBA,Buenos Aires (Observatorio Central),11.9,17.7,6.5,16224,martes,0,9,primavera
2024-09-11,AMBA,Buenos Aires (Observatorio Central),13.7,19.8,9.0,15226,miércoles,0,9,primavera
2024-09-12,AMBA,Buenos Aires (Observatorio Central),16.2,21.9,9.9,14776,jueves,0,9,primavera
2024-09-13,AMBA,Buenos Aires (Observatorio Central),15.5,21.4,11.0,15754,viernes,0,9,primavera
2024-09-14,AMBA,Buenos Aires (Observatorio Central),13.8,17.4,8.1,14016,sábado,0,9,primavera
2024-09-15,AMBA,Buenos Aires (Observatorio Central),14.4,18.6,9.5,13046,domingo,0,9,primavera
2024-09-16,AMBA,Buenos Aires (Observatorio Central),11.7,17.1,6.2,15669,lunes,0,9,primavera
2024-09-17,AMBA,Buenos Aires (Observatorio Central),14.4,20.5,9.1,15052,martes,0,9,primavera
2024-09-18,AMBA,Buenos Aires (Observatorio Central),14.5,18.0,9.6,14624,miércoles,0,9,primavera
2024-09-19,AMBA,Buenos Aires (Observatorio Central),15.7,20.7,9.3,14135,jueves,0,9,primavera
2024-09-20,AMBA,Buenos Aires (Observatorio Central),14.0,19.5,9.5,15930,viernes,0,9,primavera
2024-09-21,AMBA,Buenos Aires (Observatorio Central),16.5,20.1,12.5,13767,sábado,0,9,primavera
2024-09-22,AMBA,Buenos Aires (Observatorio Central),17.9,22.6,12.4,12742,domingo,0,9,primavera
2024-09-23,AMBA,Buenos Aires (Observatorio Central),16.0,22.2,10.0,14885,lunes,0,9,primavera
2024-09-24,AMBA,Buenos Aires (Observatorio Central),16.6,22.1,13.0,14454,martes,0,9,primavera
2024-09-25,AMBA,Buenos Aires (Observatorio Central),16.0,20.2,11.2,14394,miércoles,0,9,primavera
2024-09-26,AMBA,Buenos Aires (Observatorio Central),16.0,22.1,9.8,14736,jueves,0,9,primavera
2024-09-27,AMBA,Buenos Aires (Observatorio Central),14.5,19.0,8.8,14302,viernes,0,9,primavera
2024-09-28,AMBA,Buenos Aires (Observatorio Central),17.0,23.1,10.5,13778,sábado,0,9,primavera
2024-09-29,AMBA,Buenos Aires (Observatorio Central),16.2,20.6,11.1,13853,domingo,0,9,primavera
2024-09-30,AMBA,Buenos Aires (Observatorio Central),21.3,26.6,15.8,15502,lunes,0,9,primavera
2024-10-01,AMBA,Buenos Aires (Observatorio Central),20.3,25.0,15.9,14786,martes,0,10,primavera
2024-10-02,AMBA,Buenos Aires (Observatorio Central),17.7,22.0,11.4,14287,miércoles,0,10,primavera
2024-10-03,AMBA,Buenos Aires (Observatorio Central),15.1,21.3,10.5,14535,jueves,0,10,primavera
2024-10-04,AMBA,Buenos Aires (Observatorio Central),14.5,18.6,8.8,14738,viernes,0,10,primavera
2024-10-05,AMBA,Buenos Aires (Observatorio Central),19.9,23.7,15.2,13757,sábado,0,10,primavera
2024-10-06,AMBA,Buenos Aires (Observatorio Central),17.9,22.4,12.7,13435,domingo,0,10,primavera
2024-10-07,AMBA,Buenos Aires (Observatorio Central),18.5,24.2,12.8,13772,lunes,0,10,primavera
2024-10-08,AMBA,Buenos Aires (Observatorio Central),13.5,19.4,8.5,15437,martes,0,10,primavera
2024-10-09,AMBA,Buenos Aires (Observatorio Central),19.8,26.3,13.6,14610,miércoles,0,10,primavera
2024-10-10,AMBA,Buenos Aires (Observatorio Central),18.8,23.2,14.0,14658,jueves,0,10,primavera
2024-10-11,AMBA,Buenos Aires (Observatorio Central),15.4,20.1,10.0,12994,viernes,1,10,primavera
2024-10-12,AMBA,Buenos Aires (Observatorio Central),17.0,20.9,12.5,13098,sábado,1,10,primavera
2024-10-13,AMBA,Buenos Aires (Observatorio Central),18.8,24.0,14.1,13573,domingo,0,10,primavera
2024-10-14,AMBA,Buenos Aires (Observatorio Central),18.4,24.9,13.6,14903,lunes,0,10,primavera
2024-10-15,AMBA,Buenos Aires (Observatorio Central),17.8,23.4,13.9,13864,martes,0,10,primavera
2024-10-16,AMBA,Buenos Aires (Observatorio Central),18.3,23.6,14.5,14848,miércoles,0,10,primavera
2024-10-17,AMBA,Buenos Aires (Observatorio Central),18.1,22.8,12.6,14670,jueves,0,10,primavera
2024-10-18,AMBA,Buenos Aires (Observatorio Central),19.2,25.4,13.7,13892,viernes,0,10,primavera
2024-10-19,AMBA,Buenos Aires (Observatorio Central),22.3,27.3,16.8,14736,sábado,0,10,primavera
2024-10-20,AMBA,Buenos Aires (Observatorio Central),13.2,17.1,9.6,13783,domingo,0,10,primavera
2024-10-21,AMBA,Buenos Aires (Observatorio Central),18.7,23.3,14.2,14734,lunes,0,10,primavera
2024-10-22,AMBA,Buenos Aires (Observatorio Central),19.7,23.4,15.6,14810,martes,0,10,primavera
2024-10-23,AMBA,Buenos Aires (Observatorio Central),20.1,24.2,14.3,14996,miércoles,0,10,primavera
2024-10-24,AMBA,Buenos Aires (Observatorio Central),18.7,22.3,12.6,15119,jueves,0,10,primavera
2024-10-25,AMBA,Buenos Aires (Observatorio Central),15.7,20.6,11.5,15084,viernes,0,10,primavera
2024-10-26,AMBA,Buenos Aires (Observatorio Central),20.6,26.0,15.1,12944,sábado,0,10,primavera
2024-10-27,AMBA,Buenos Aires (Observatorio Central),23.9,28.4,20.0,14566,domingo,0,10,primavera
2024-10-28,AMBA,Buenos Aires (Observatorio Central),16.6,21.4,12.3,14431,lunes,0,10,primavera
2024-10-29,AMBA,Buenos Aires (Observatorio Central),22.2,28.6,18.3,14912,martes,0,10,primavera
2024-10-30,AMBA,Buenos Aires (Observatorio Central),19.6,25.4,15.2,14741,miércoles,0,10,primavera
2024-10-31,AMBA,Buenos Aires (Observatorio Central),20.3,25.4,14.8,15469,jueves,0,10,primavera
2024-11-01,AMBA,Buenos Aires (Observatorio Central),18.2,22.6,12.0,14044,viernes,0,11,primavera
2024-11-02,AMBA,Buenos Aires (Observatorio Central),20.0,26.2,15.9,14090,sábado,0,11,primavera
2024-11-03,AMBA,Buenos Aires (Observatorio Central),23.8,28.0,18.7,14278,domingo,0,11,primavera
2024-11-04,AMBA,Buenos Aires (Observatorio Central),22.3,26.8,16.7,15405,lunes,0,11,primavera
2024-11-05,AMBA,Buenos Aires (Observatorio Central),25.1,31.3,18.7,17468,martes,0,11,primavera
2024-11-06,AMBA,Buenos Aires (Observatorio Central),23.9,29.0,18.6,16105,miércoles,0,11,primavera
2024-11-07,AMBA,Buenos Aires (Observatorio Central),22.3,28.0,18.0,15881,jueves,0,11,primavera
2024-11-08,AMBA,Buenos Aires (Observatorio Central),25.5,30.8,20.1,16239,viernes,0,11,primavera
2024-11-09,AMBA,Buenos Aires (Observatorio Central),22.6,28.1,18.1,15639,sábado,0,11,primavera
2024-11-10,AMBA,Buenos Aires (Observatorio Central),23.6,28.0,17.2,14841,domingo,0,11,primavera
2024-11-11,AMBA,Buenos Aires (Observatorio Central),21.1,25.3,16.4,15156,lunes,0,11,primavera
2024-11-12,AMBA,Buenos Aires (Observatorio Central),22.1,26.6,16.5,15851,martes,0,11,primavera
2024-11-13,AMBA,Buenos Aires (Observatorio Central),20.4,24.4,16.8,14388,miércoles,0,11,primavera
2024-11-14,AMBA,Buenos Aires (Observatorio Central),24.4,30.5,19.7,17041,jueves,0,11,primavera
2024-11-15,AMBA,Buenos Aires (Observatorio Central),19.5,23.8,13.4,14531,viernes,0,11,primavera
2024-11-16,AMBA,Buenos Aires (Observatorio Central),24.2,29.4,18.9,15386,sábado,0,11,primavera
2024-11-17,AMBA,Buenos Aires (Observatorio Central),22.0,27.9,17.2,13807,domingo,0,11,primavera
2024-11-18,AMBA,Buenos Aires (Observatorio Central),25.3,31.2,19.0,15337,lunes,1,11,primavera
2024-11-19,AMBA,Buenos Aires (Observatorio Central),24.4,29.2,18.3,16836,martes,0,11,primavera
2024-11-20,AMBA,Buenos Aires (Observatorio Central),27.0,31.9,22.5,17823,miércoles,0,11,primavera
2024-11-21,AMBA,Buenos Aires (Observatorio Central),24.6,31.1,19.5,16904,jueves,0,11,primavera
2024-11-22,AMBA,Buenos Aires (Observatorio Central),19.4,24.9,14.4,14630,viernes,0,11,primavera
2024-11-23,AMBA,Buenos Aires (Observatorio Central),22.9,28.8,17.5,15184,sábado,0,11,primavera
2024-11-24,AMBA,Buenos Aires (Observatorio Central),20.5,26.7,16.0,13338,domingo,0,11,primavera
2024-11-25,AMBA,Buenos Aires (Observatorio Central),22.1,28.0,17.9,16546,lunes,0,11,primavera
2024-11-26,AMBA,Buenos Aires (Observatorio Central),26.9,31.0,20.7,17010,martes,0,11,primavera
2024-11-27,AMBA,Buenos Aires (Observatorio Central),25.0,30.2,18.7,17334,miércoles,0,11,primavera
2024-11-28,AMBA,Buenos Aires (Observatorio Central),22.0,25.8,16.0,16146,jueves,0,11,primavera
2024-11-29,AMBA,Buenos Aires (Observatorio Central),21.4,26.9,15.0,14986,viernes,0,11,primavera
2024-11-30,AMBA,Buenos Aires (Observatorio Central),23.9,30.3,18.2,16289,sábado,0,11,primavera
2024-12-01,AMBA,Buenos Aires (Observatorio Central),21.1,26.1,15.3,14128,domingo,0,12,primavera
2024-12-02,AMBA,Buenos Aires (Observatorio Central),22.4,27.2,16.6,16134,lunes,0,12,primavera
2024-12-03,AMBA,Buenos Aires (Observatorio Central),24.8,28.4,19.9,16729,martes,0,12,primavera
2024-12-04,AMBA,Buenos Aires (Observatorio Central),26.8,33.2,21.9,17530,miércoles,0,12,primavera
2024-12-05,AMBA,Buenos Aires (Observatorio Central),25.6,29.4,21.4,16982,jueves,0,12,primavera
2024-12-06,AMBA,Buenos Aires (Observatorio Central),24.6,28.2,19.2,16794,viernes,0,12,primavera
2024-12-07,AMBA,Buenos Aires (Observatorio Central),30.6,34.8,26.2,18955,sábado,0,12,primavera
2024-12-08,AMBA,Buenos Aires (Observatorio Central),30.2,33.9,25.9,16077,domingo,1,12,primavera
2024-12-09,AMBA,Buenos Aires (Observatorio Central),31.0,35.9,25.7,19373,lunes,0,12,primavera
2024-12-10,AMBA,Buenos Aires (Observatorio Central),33.9,38.9,29.2,21761,martes,0,12,primavera
2024-12-11,AMBA,Buenos Aires (Observatorio Central),25.5,29.9,21.3,17412,miércoles,0,12,primavera
2024-12-12,AMBA,Buenos Aires (Observatorio Central),23.4,27.1,17.5,16401,jueves,0,12,primavera
2024-12-13,AMBA,Buenos Aires (Observatorio Central),26.2,30.0,20.1,17656,viernes,0,12,primavera
2024-12-14,AMBA,Buenos Aires (Observatorio Central),21.3,26.0,17.3,14274,sábado,0,12,primavera
2024-12-15,AMBA,Buenos Aires (Observatorio Central),28.4,32.1,24.9,16167,domingo,0,12,primavera
2024-12-16,AMBA,Buenos Aires (Observatorio Central),25.9,31.5,21.4,16841,lunes,0,12,primavera
2024-12-17,AMBA,Buenos Aires (Observatorio Central),27.0,31.1,21.1,17029,martes,0,12,primavera
2024-12-18,AMBA,Buenos Aires (Observatorio Central),23.8,28.2,17.8,16391,miércoles,0,12,primavera
2024-12-19,AMBA,Buenos Aires (Observatorio Central),27.1,31.8,23.2,17728,jueves,0,12,primavera
2024-12-20,AMBA,Buenos Aires (Observatorio Central),27.7,32.4,21.9,17867,viernes,0,12,primavera
2024-12-21,AMBA,Buenos Aires (Observatorio Central),25.9,29.4,22.1,14932,sábado,0,12,verano
2024-12-22,AMBA,Buenos Aires (Observatorio Central),25.9,29.7,21.2,14961,domingo,0,12,verano
2024-12-23,AMBA,Buenos Aires (Observatorio Central),26.0,32.1,19.5,17722,lunes,0,12,verano
2024-12-24,AMBA,Buenos Aires (Observatorio Central),23.5,27.0,19.4,15888,martes,0,12,verano
2024-12-25,AMBA,Buenos Aires (Observatorio Central),25.2,30.2,21.2,15692,miércoles,1,12,verano
2024-12-26,AMBA,Buenos Aires (Observatorio Central),25.2,30.2,20.4,16308,jueves,0,12,verano
2024-12-27,AMBA,Buenos Aires (Observatorio Central),26.5,31.0,21.1,18086,viernes,0,12,verano
2024-12-28,AMBA,Buenos Aires (Observatorio Central),27.9,32.7,21.6,17000,sábado,0,12,verano
2024-12-29,AMBA,Buenos Aires (Observatorio Central),23.2,29.0,16.8,14562,domingo,0,12,verano
2024-12-30,AMBA,Buenos Aires (Observatorio Central),25.4,31.4,21.7,17957,lunes,0,12,verano
2024-12-31,AMBA,Buenos Aires (Observatorio Central),29.2,33.5,25.3,19439,martes,0,12,verano
